Julia 1.11.5; BLAS threads=1
case,median_ms,min_bytes
lrd_scalar_100_5,0.023,9824
lrd_batch_100_5_500,0.219,1341024
lrd_condition_100_5,0.0421,22432
latent_scalar_100_5,0.0237,14000
latent_batch_100_5_500,0.1756,1345200
latent_condition_100_5,0.0355,33872
latent_sample_100_5_500,0.2296,893296
lrd_scalar_500_10,0.0358,89536
lrd_batch_500_10_1000,2.2312,12389952
lrd_condition_500_10,0.0611,140496
latent_scalar_500_10,0.0412,155152
latent_batch_500_10_1000,2.283,12455568
latent_condition_500_10,0.0738,206736
latent_sample_500_10_1000,2.4617,8257920
pca_fit_60_5_300,0.9231,2281728
factor_fit_60_5_300,8.1281,38337392
